ministry_name,start_order,end_order,start_gaz,end_gaz,name_clean
ministry of commerce & industry,"Friday, 15 October 1999",13-03-2020,"Friday, 15 October 1999",13-03-2020,commerce & industry
ministry of commerce & industry,"Saturday, 14 January 1961","Friday, 19 July 1963","Wednesday, 18 January 1961","Saturday, 20 July 1963",commerce & industry
ministry of community development & cooperation,"Saturday, 14 January 1961","Thursday, 26 April 1962","Wednesday, 18 January 1961","Saturday, 28 April 1962",community development & cooperation
ministry of community development & cooperation,"Friday, 8 February 1963","Tuesday, 25 January 1966","Monday, 11 February 1963","Friday, 28 January 1966",community development & cooperation
ministry of defence,"Saturday, 14 January 1961",13-03-2020,"Wednesday, 18 January 1961",13-03-2020,defence
ministry of education,"Saturday, 14 January 1961","Tuesday, 18 February 1969","Wednesday, 18 January 1961","Wednesday, 19 February 1969",education
ministry of education,"Friday, 4 January 1985","Wednesday, 25 September 1985","Friday, 4 January 1985","Wednesday, 25 September 1985",education
ministry of external affairs,"Saturday, 14 January 1961",13-03-2020,"Wednesday, 18 January 1961",13-03-2020,external affairs
ministry of finance,"Thursday, 10 April 2003",13-03-2020,"Thursday, 10 April 2003",13-03-2020,finance
ministry of finance,"Saturday, 14 January 1961","Tuesday, 2 July 2002","Wednesday, 18 January 1961","Tuesday, 2 July 2002",finance
ministry of food & agriculture,"Saturday, 14 January 1961","Tuesday, 25 January 1966","Wednesday, 18 January 1961","Friday, 28 January 1966",food & agriculture
ministry of health,"Saturday, 14 January 1961","Tuesday, 25 January 1966","Wednesday, 18 January 1961","Friday, 28 January 1966",health
ministry of home affairs,"Saturday, 14 January 1961",13-03-2020,"Wednesday, 18 January 1961",13-03-2020,home affairs
ministry of information & broadcasting,"Tuesday, 6 January 2004",13-03-2020,"Tuesday, 6 January 2004",13-03-2020,information & broadcasting
ministry of information & broadcasting,"Saturday, 14 January 1961","Friday, 15 October 1999","Wednesday, 18 January 1961","Friday, 15 October 1999",information & broadcasting
ministry of irrigation & power,"Saturday, 14 January 1961","Friday, 11 October 1974","Wednesday, 18 January 1961","Friday, 11 October 1974",irrigation & power
ministry of irrigation & power,"Friday, 4 January 1985","Wednesday, 25 September 1985","Friday, 4 January 1985","Wednesday, 25 September 1985",irrigation & power
ministry of labour & employment,"Thursday, 27 May 2004",13-03-2020,"Thursday, 27 May 2004",13-03-2020,labour & employment
ministry of labour & employment,"Saturday, 14 January 1961","Tuesday, 25 January 1966","Wednesday, 18 January 1961","Friday, 28 January 1966",labour & employment
ministry of law,"Saturday, 14 January 1961","Monday, 3 May 1971","Wednesday, 18 January 1961","Wednesday, 5 May 1971",law
ministry of railways,"Friday, 5 July 1991",13-03-2020,"Friday, 5 July 1991",13-03-2020,railways
ministry of railways,"Saturday, 14 January 1961","Monday, 9 April 1962","Wednesday, 18 January 1961","Wednesday, 11 April 1962",railways
ministry of rehabilitation,"Saturday, 14 January 1961","Monday, 9 April 1962","Wednesday, 18 January 1961","Wednesday, 11 April 1962",rehabilitation
ministry of rehabilitation,"Wednesday, 15 April 1964","Tuesday, 25 January 1966","Thursday, 16 April 1964","Friday, 28 January 1966",rehabilitation
ministry of scientific research & cultural affairs,"Saturday, 14 January 1961","Thursday, 21 November 1963","Wednesday, 18 January 1961","Saturday, 23 November 1963",scientific research & cultural affairs
"ministry of steel, mines & fuel","Saturday, 14 January 1961","Monday, 9 April 1962","Wednesday, 18 January 1961","Wednesday, 11 April 1962","steel, mines & fuel"
ministry of transport & communications,"Saturday, 14 January 1961","Sunday, 1 September 1963","Wednesday, 18 January 1961","Monday, 2 September 1963",transport & communications
"ministry of works, housing & supply","Saturday, 14 January 1961","Thursday, 15 November 1962","Wednesday, 18 January 1961","Friday, 16 November 1962","works, housing & supply"
"ministry of works, housing & supply","Tuesday, 14 March 1967","Tuesday, 18 February 1969","Wednesday, 15 March 1967","Wednesday, 19 February 1969","works, housing & supply"
department of atomic energy,"Saturday, 14 January 1961",13-03-2020,"Wednesday, 18 January 1961",13-03-2020,atomic energy
department of parliamentary affairs,"Saturday, 14 January 1961","Friday, 4 January 1985","Wednesday, 18 January 1961","Friday, 4 January 1985",parliamentary affairs
cabinet secretariat,"Saturday, 14 January 1961",13-03-2020,"Wednesday, 18 January 1961",13-03-2020,cabinet secretariat
president's secretariat,"Saturday, 14 January 1961",13-03-2020,"Wednesday, 18 January 1961",13-03-2020,president's secretariat
prime minister's secretariat,"Saturday, 14 January 1961",13-03-2020,"Wednesday, 18 January 1961",13-03-2020,prime minister's secretariat
planning commission,"Saturday, 14 January 1961","Monday, 3 May 1971","Wednesday, 18 January 1961","Wednesday, 5 May 1971",planning
planning commission,"Thursday, 17 June 1971","Saturday, 21 March 2015","Saturday, 19 June 1971","Saturday, 21 March 2015",planning
ministry of mines & fuel,"Monday, 9 April 1962","Thursday, 21 November 1963","Wednesday, 11 April 1962","Saturday, 23 November 1963",mines & fuel
ministry of railways (railway board),"Monday, 9 April 1962","Wednesday, 25 September 1985","Wednesday, 11 April 1962","Wednesday, 25 September 1985",railways
ministry of railways (railway board),"Wednesday, 29 October 1986","Friday, 5 July 1991","Wednesday, 29 October 1986","Friday, 5 July 1991",railways
ministry of steel & heavy industries,"Monday, 9 April 1962","Thursday, 21 November 1963","Wednesday, 11 April 1962","Saturday, 23 November 1963",steel & heavy industries
"ministry of community development, panchayati raj & cooperation","Thursday, 26 April 1962","Friday, 8 February 1963","Saturday, 28 April 1962","Monday, 11 February 1963","community development, panchayati raj & cooperation"
ministry of economic & defence co-operation,"Wednesday, 14 November 1962","Sunday, 1 September 1963","Wednesday, 14 November 1962","Monday, 2 September 1963",economic & defence co-operation
ministry of works & housing,"Thursday, 15 November 1962","Wednesday, 5 December 1962","Friday, 16 November 1962","Thursday, 6 December 1962",works & housing
ministry of works & housing,"Wednesday, 15 April 1964","Tuesday, 25 January 1966","Thursday, 16 April 1964","Friday, 28 January 1966",works & housing
ministry of works & housing,"Monday, 3 May 1971","Wednesday, 25 September 1985","Wednesday, 5 May 1971","Wednesday, 25 September 1985",works & housing
"ministry of works, housing & rehabilitation","Wednesday, 5 December 1962","Wednesday, 15 April 1964","Thursday, 6 December 1962","Thursday, 16 April 1964","works, housing & rehabilitation"
ministry of industry,"Friday, 19 July 1963","Sunday, 14 June 1964","Saturday, 20 July 1963","Wednesday, 17 June 1964",industry
ministry of industry,"Tuesday, 25 January 1966","Tuesday, 14 March 1967","Friday, 28 January 1966","Wednesday, 15 March 1967",industry
ministry of industry,"Monday, 23 August 1976","Tuesday, 6 November 1984","Tuesday, 24 August 1976","Tuesday, 6 November 1984",industry
ministry of industry,"Wednesday, 25 September 1985","Friday, 15 October 1999","Wednesday, 25 September 1985","Friday, 15 October 1999",industry
ministry of international trade,"Friday, 19 July 1963","Sunday, 14 June 1964","Saturday, 20 July 1963","Wednesday, 17 June 1964",international trade
ministry of transport,"Sunday, 1 September 1963","Tuesday, 25 January 1966","Monday, 2 September 1963","Friday, 28 January 1966",transport
ministry of transport,"Wednesday, 25 September 1985","Wednesday, 29 October 1986","Wednesday, 25 September 1985","Wednesday, 29 October 1986",transport
department of posts & telegraph,"Sunday, 1 September 1963","Sunday, 3 May 1964","Monday, 2 September 1963","Monday, 4 May 1964",posts & telegraph
department of supply,"Sunday, 1 September 1963","Sunday, 14 June 1964","Monday, 2 September 1963","Wednesday, 17 June 1964",supply
department of supply,"Monday, 3 May 1971","Saturday, 10 November 1973","Wednesday, 5 May 1971","Thursday, 15 November 1973",supply
department of supply,"Thursday, 17 February 1983","Friday, 4 January 1985","Thursday, 17 February 1983","Friday, 4 January 1985",supply
department of technical development,"Sunday, 1 September 1963","Sunday, 14 June 1964","Monday, 2 September 1963","Wednesday, 17 June 1964",technical development
ministry of petroleum & chemicals,"Thursday, 21 November 1963","Tuesday, 18 February 1969","Saturday, 23 November 1963","Wednesday, 19 February 1969",petroleum & chemicals
ministry of petroleum & chemicals,"Monday, 3 May 1971","Thursday, 18 March 1976","Wednesday, 5 May 1971","Friday, 19 March 1976",petroleum & chemicals
ministry of petroleum & chemicals,"Wednesday, 6 December 1989","Friday, 5 July 1991","Wednesday, 6 December 1989","Friday, 5 July 1991",petroleum & chemicals
"ministry of steel, mines & heavy engineering","Thursday, 21 November 1963","Sunday, 14 June 1964","Saturday, 23 November 1963","Wednesday, 17 June 1964","steel, mines & heavy engineering"
department of communications,"Sunday, 3 May 1964","Monday, 3 May 1971","Monday, 4 May 1964","Wednesday, 5 May 1971",communications
ministry of civil aviation,"Saturday, 23 May 1998",13-03-2020,"Tuesday, 26 May 1998",13-03-2020,civil aviation
ministry of civil aviation,"Sunday, 14 June 1964","Tuesday, 25 January 1966","Wednesday, 17 June 1964","Friday, 28 January 1966",civil aviation
ministry of civil aviation,"Monday, 6 September 1982","Thursday, 17 February 1983","Monday, 6 September 1982","Thursday, 17 February 1983",civil aviation
ministry of civil aviation,"Wednesday, 29 October 1986","Saturday, 25 June 1988","Wednesday, 29 October 1986","Saturday, 25 June 1988",civil aviation
ministry of civil aviation,"Tuesday, 26 December 1989","Friday, 5 July 1991","Tuesday, 26 December 1989","Friday, 5 July 1991",civil aviation
ministry of commerce,"Sunday, 14 June 1964","Tuesday, 18 February 1969","Wednesday, 17 June 1964","Wednesday, 19 February 1969",commerce
ministry of commerce,"Wednesday, 7 February 1973","Thursday, 9 February 1978","Thursday, 8 February 1973","Friday, 10 February 1978",commerce
ministry of commerce,"Tuesday, 22 July 1980","Friday, 4 January 1985","Wednesday, 23 July 1980","Friday, 4 January 1985",commerce
ministry of commerce,"Saturday, 30 March 1985","Friday, 15 October 1999","Monday, 1 April 1985","Friday, 15 October 1999",commerce
ministry of industry & supply,"Sunday, 14 June 1964","Tuesday, 25 January 1966","Wednesday, 17 June 1964","Friday, 28 January 1966",industry & supply
ministry of steel & mines,"Sunday, 14 June 1964","Tuesday, 25 January 1966","Wednesday, 17 June 1964","Friday, 28 January 1966",steel & mines
ministry of steel & mines,"Monday, 3 May 1971","Friday, 10 August 1979","Wednesday, 5 May 1971","Monday, 13 August 1979",steel & mines
ministry of steel & mines,"Tuesday, 22 July 1980","Friday, 4 January 1985","Wednesday, 23 July 1980","Friday, 4 January 1985",steel & mines
ministry of steel & mines,"Wednesday, 25 September 1985","Friday, 5 July 1991","Wednesday, 25 September 1985","Friday, 5 July 1991",steel & mines
ministry of steel & mines,"Saturday, 23 May 1998","Friday, 15 October 1999","Tuesday, 26 May 1998","Friday, 15 October 1999",steel & mines
department of social security,"Sunday, 14 June 1964","Tuesday, 25 January 1966","Wednesday, 17 June 1964","Friday, 28 January 1966",social security
"ministry of food, agriculture, community development & cooperation","Tuesday, 25 January 1966","Monday, 3 May 1971","Friday, 28 January 1966","Wednesday, 5 May 1971","food, agriculture, community development & cooperation"
ministry of health & family planning,"Tuesday, 25 January 1966","Monday, 12 February 1968","Friday, 28 January 1966","Monday, 12 February 1968",health & family planning
ministry of health & family planning,"Monday, 3 May 1971","Thursday, 7 April 1977","Wednesday, 5 May 1971","Thursday, 7 April 1977",health & family planning
ministry of iron & steel,"Tuesday, 25 January 1966","Tuesday, 14 March 1967","Friday, 28 January 1966","Wednesday, 15 March 1967",iron & steel
"ministry of labour, employment & rehabilitation","Tuesday, 25 January 1966","Monday, 3 May 1971","Friday, 28 January 1966","Wednesday, 5 May 1971","labour, employment & rehabilitation"
ministry of mines & metals,"Tuesday, 25 January 1966","Tuesday, 14 March 1967","Friday, 28 January 1966","Wednesday, 15 March 1967",mines & metals
ministry of supply & technical development,"Tuesday, 25 January 1966","Friday, 25 March 1966","Friday, 28 January 1966","Monday, 28 March 1966",supply & technical development
ministry of transport & aviation,"Tuesday, 25 January 1966","Tuesday, 14 March 1967","Friday, 28 January 1966","Wednesday, 15 March 1967",transport & aviation
"ministry of works, housing & urban development","Tuesday, 25 January 1966","Tuesday, 14 March 1967","Friday, 28 January 1966","Wednesday, 15 March 1967","works, housing & urban development"
department of social welfare,"Tuesday, 25 January 1966","Monday, 3 May 1971","Friday, 28 January 1966","Wednesday, 5 May 1971",social welfare
"ministry of supply, technical development & material planning","Friday, 25 March 1966","Tuesday, 14 March 1967","Monday, 28 March 1966","Wednesday, 15 March 1967","supply, technical development & material planning"
ministry of industrial development & company affairs,"Tuesday, 14 March 1967","Tuesday, 18 February 1969","Wednesday, 15 March 1967","Wednesday, 19 February 1969",industrial development & company affairs
"ministry of steel, mines & metals","Tuesday, 14 March 1967","Tuesday, 18 February 1969","Wednesday, 15 March 1967","Wednesday, 19 February 1969","steel, mines & metals"
ministry of tourism & civil aviation,"Tuesday, 14 March 1967","Monday, 6 September 1982","Wednesday, 15 March 1967","Monday, 6 September 1982",tourism & civil aviation
ministry of tourism & civil aviation,"Thursday, 17 February 1983","Wednesday, 25 September 1985","Thursday, 17 February 1983","Wednesday, 25 September 1985",tourism & civil aviation
ministry of transport & shipping,"Tuesday, 14 March 1967","Tuesday, 18 February 1969","Wednesday, 15 March 1967","Wednesday, 19 February 1969",transport & shipping
"ministry of health, family planning & urban development","Monday, 12 February 1968","Tuesday, 18 February 1969","Monday, 12 February 1968","Wednesday, 19 February 1969","health, family planning & urban development"
ministry of education & youth services,"Tuesday, 18 February 1969","Monday, 3 May 1971","Wednesday, 19 February 1969","Wednesday, 5 May 1971",education & youth services
ministry of petroleum & chemicals and mines & metals,"Tuesday, 18 February 1969","Monday, 3 May 1971","Wednesday, 19 February 1969","Wednesday, 5 May 1971",petroleum & chemicals & mines & metals
ministry of steel & heavy engineering,"Tuesday, 18 February 1969","Monday, 3 May 1971","Wednesday, 19 February 1969","Wednesday, 5 May 1971",steel & heavy engineering
ministry of foreign trade & supply,"Tuesday, 18 February 1969","Tuesday, 11 November 1969","Wednesday, 19 February 1969","Friday, 14 November 1969",foreign trade & supply
ministry of shipping & transport,"Tuesday, 18 February 1969","Wednesday, 25 September 1985","Wednesday, 19 February 1969","Wednesday, 25 September 1985",shipping & transport
"ministry of health & family planning and works, housing & urban development","Tuesday, 18 February 1969","Monday, 3 May 1971","Wednesday, 19 February 1969","Wednesday, 5 May 1971","health & family planning & works, housing & urban development"
"ministry of industrial development, internal trade & company affairs","Tuesday, 18 February 1969","Saturday, 1 August 1970","Wednesday, 19 February 1969","Monday, 3 August 1970","industrial development, internal trade & company affairs"
ministry of foreign trade,"Tuesday, 11 November 1969","Wednesday, 7 February 1973","Friday, 14 November 1969","Thursday, 8 February 1973",foreign trade
ministry of supply,"Tuesday, 11 November 1969","Monday, 3 May 1971","Friday, 14 November 1969","Wednesday, 5 May 1971",supply
ministry of supply,"Monday, 6 September 1982","Thursday, 17 February 1983","Monday, 6 September 1982","Thursday, 17 February 1983",supply
ministry of industrial development & internal trade,"Saturday, 1 August 1970","Monday, 3 May 1971","Monday, 3 August 1970","Wednesday, 5 May 1971",industrial development & internal trade
department of company affairs,"Saturday, 1 August 1970","Wednesday, 7 February 1973","Monday, 3 August 1970","Thursday, 8 February 1973",company affairs
ministry of agriculture,"Monday, 3 May 1971","Friday, 11 October 1974","Wednesday, 5 May 1971","Friday, 11 October 1974",agriculture
ministry of agriculture,"Tuesday, 22 July 1980","Friday, 4 January 1985","Wednesday, 23 July 1980","Friday, 4 January 1985",agriculture
ministry of agriculture,"Wednesday, 25 September 1985","Thursday, 27 August 2015","Wednesday, 25 September 1985","Thursday, 27 August 2015",agriculture
ministry of education & social welfare,"Monday, 3 May 1971","Monday, 17 September 1979","Wednesday, 5 May 1971","Thursday, 20 September 1979",education & social welfare
ministry of industrial development,"Monday, 3 May 1971","Friday, 11 October 1974","Wednesday, 5 May 1971","Friday, 11 October 1974",industrial development
ministry of labour & rehabilitation,"Monday, 3 May 1971","Saturday, 10 November 1973","Wednesday, 5 May 1971","Thursday, 15 November 1973",labour & rehabilitation
ministry of labour & rehabilitation,"Monday, 6 September 1982","Friday, 4 January 1985","Monday, 6 September 1982","Friday, 4 January 1985",labour & rehabilitation
ministry of law & justice,"Tuesday, 2 July 2002",13-03-2020,"Tuesday, 2 July 2002",13-03-2020,law & justice
ministry of law & justice,"Monday, 3 May 1971","Wednesday, 7 February 1973","Wednesday, 5 May 1971","Thursday, 8 February 1973",law & justice
ministry of law & justice,"Tuesday, 6 November 1984","Friday, 5 July 1991","Tuesday, 6 November 1984","Friday, 5 July 1991",law & justice
ministry of law & justice,"Friday, 26 July 1996","Saturday, 23 May 1998","Saturday, 27 July 1996","Tuesday, 26 May 1998",law & justice
ministry of planning,"Friday, 15 October 1999",13-03-2020,"Friday, 15 October 1999",13-03-2020,planning
ministry of planning,"Monday, 3 May 1971","Friday, 5 July 1991","Wednesday, 5 May 1971","Friday, 5 July 1991",planning
ministry of communications,"Saturday, 16 July 2016",13-03-2020,"Monday, 18 July 2016",13-03-2020,communications
ministry of communications,"Monday, 3 May 1971","Friday, 21 December 2001","Wednesday, 5 May 1971","Friday, 21 December 2001",communications
department of culture,"Monday, 3 May 1971","Monday, 17 September 1979","Wednesday, 5 May 1971","Thursday, 20 September 1979",culture
department of culture,"Friday, 4 January 1985","Tuesday, 13 August 1985","Friday, 4 January 1985","Tuesday, 13 August 1985",culture
department of science & technology,"Monday, 3 May 1971","Friday, 14 February 1975","Wednesday, 5 May 1971","Monday, 17 February 1975",science & technology
department of science & technology,"Saturday, 26 November 1977","Friday, 4 January 1985","Tuesday, 29 November 1977","Friday, 4 January 1985",science & technology
department of electronics,"Thursday, 17 June 1971","Friday, 15 October 1999","Saturday, 19 June 1971","Friday, 15 October 1999",electronics
department of space,"Tuesday, 18 July 1972",13-03-2020,"Thursday, 20 July 1972",13-03-2020,space
ministry of heavy industry,"Wednesday, 7 February 1973","Friday, 11 October 1974","Thursday, 8 February 1973","Friday, 11 October 1974",heavy industry
"ministry of law, justice & company affairs","Wednesday, 7 February 1973","Tuesday, 6 November 1984","Thursday, 8 February 1973","Tuesday, 6 November 1984","law, justice & company affairs"
"ministry of law, justice & company affairs","Friday, 5 July 1991","Friday, 26 July 1996","Friday, 5 July 1991","Saturday, 27 July 1996","law, justice & company affairs"
"ministry of law, justice & company affairs","Saturday, 23 May 1998","Tuesday, 2 July 2002","Tuesday, 26 May 1998","Tuesday, 2 July 2002","law, justice & company affairs"
ministry of labour,"Saturday, 10 November 1973","Monday, 6 September 1982","Thursday, 15 November 1973","Monday, 6 September 1982",labour
ministry of labour,"Friday, 4 January 1985","Thursday, 27 May 2004","Friday, 4 January 1985","Thursday, 27 May 2004",labour
ministry of supply & rehabilitation,"Saturday, 10 November 1973","Monday, 6 September 1982","Thursday, 15 November 1973","Monday, 6 September 1982",supply & rehabilitation
ministry of agriculture & irrigation,"Friday, 11 October 1974","Tuesday, 22 July 1980","Friday, 11 October 1974","Wednesday, 23 July 1980",agriculture & irrigation
ministry of energy,"Friday, 11 October 1974","Friday, 4 January 1985","Friday, 11 October 1974","Friday, 4 January 1985",energy
ministry of energy,"Wednesday, 25 September 1985","Friday, 5 July 1991","Wednesday, 25 September 1985","Friday, 5 July 1991",energy
ministry of industry & civil supplies,"Friday, 11 October 1974","Monday, 23 August 1976","Friday, 11 October 1974","Tuesday, 24 August 1976",industry & civil supplies
department of revenue & banking,"Friday, 12 March 1976","Saturday, 2 July 1977","Sunday, 14 March 1976","Monday, 4 July 1977",revenue & banking
ministry of petroleum,"Thursday, 18 March 1976","Thursday, 9 February 1978","Friday, 19 March 1976","Friday, 10 February 1978",petroleum
ministry of petroleum,"Friday, 4 January 1985","Wednesday, 25 September 1985","Friday, 4 January 1985","Wednesday, 25 September 1985",petroleum
ministry of chemicals & fertilisers,"Friday, 5 July 1991",13-03-2020,"Friday, 5 July 1991",13-03-2020,chemicals & fertilisers
ministry of chemicals & fertilisers,"Thursday, 18 March 1976","Thursday, 9 February 1978","Friday, 19 March 1976","Friday, 10 February 1978",chemicals & fertilisers
ministry of civil supplies & cooperation,"Monday, 23 August 1976","Thursday, 9 February 1978","Tuesday, 24 August 1976","Friday, 10 February 1978",civil supplies & cooperation
ministry of health & family welfare,"Thursday, 7 April 1977",13-03-2020,"Thursday, 7 April 1977",13-03-2020,health & family welfare
"ministry of commerce, civil supplies & cooperation","Thursday, 9 February 1978","Saturday, 18 August 1979","Friday, 10 February 1978","Saturday, 18 August 1979","commerce, civil supplies & cooperation"
"ministry of petroleum, chemicals & fertilisers","Thursday, 9 February 1978","Monday, 6 September 1982","Friday, 10 February 1978","Monday, 6 September 1982","petroleum, chemicals & fertilisers"
"ministry of steel, mines & coal","Friday, 10 August 1979","Tuesday, 22 July 1980","Monday, 13 August 1979","Wednesday, 23 July 1980","steel, mines & coal"
"ministry of steel, mines & coal","Friday, 4 January 1985","Wednesday, 25 September 1985","Friday, 4 January 1985","Wednesday, 25 September 1985","steel, mines & coal"
ministry of commerce & civil supplies,"Saturday, 18 August 1979","Tuesday, 22 July 1980","Saturday, 18 August 1979","Wednesday, 23 July 1980",commerce & civil supplies
ministry of rural reconstruction,"Saturday, 18 August 1979","Saturday, 23 January 1982","Saturday, 18 August 1979","Monday, 25 January 1982",rural reconstruction
ministry of education & culture,"Monday, 17 September 1979","Friday, 4 January 1985","Thursday, 20 September 1979","Friday, 4 January 1985",education & culture
ministry of social welfare,"Monday, 17 September 1979","Friday, 4 January 1985","Thursday, 20 September 1979","Friday, 4 January 1985",social welfare
ministry of civil supplies,"Tuesday, 22 July 1980","Thursday, 17 February 1983","Wednesday, 23 July 1980","Thursday, 17 February 1983",civil supplies
ministry of irrigation,"Tuesday, 22 July 1980","Friday, 4 January 1985","Wednesday, 23 July 1980","Friday, 4 January 1985",irrigation
department of environment,"Saturday, 1 November 1980","Monday, 6 September 1982","Wednesday, 5 November 1980","Monday, 6 September 1982",environment
department of environment,"Tuesday, 14 September 1982","Friday, 4 January 1985","Tuesday, 14 September 1982","Friday, 4 January 1985",environment
ministry of rural development,"Friday, 9 April 1999",13-03-2020,"Friday, 9 April 1999",13-03-2020,rural development
ministry of rural development,"Saturday, 23 January 1982","Friday, 4 January 1985","Monday, 25 January 1982","Friday, 4 January 1985",rural development
ministry of rural development,"Friday, 5 July 1991","Wednesday, 8 March 1995","Friday, 5 July 1991","Wednesday, 8 March 1995",rural development
department of ocean development,"Friday, 12 February 1982","Thursday, 16 February 2006","Friday, 12 February 1982","Thursday, 16 February 2006",ocean development
ministry of tourism,"Thursday, 1 June 2006",13-03-2020,"Friday, 2 June 2006",13-03-2020,tourism
ministry of tourism,"Monday, 6 September 1982","Thursday, 17 February 1983","Monday, 6 September 1982","Thursday, 17 February 1983",tourism
ministry of tourism,"Monday, 12 May 1986","Saturday, 25 June 1988","Monday, 12 May 1986","Saturday, 25 June 1988",tourism
ministry of tourism,"Tuesday, 26 December 1989","Tuesday, 26 December 1989","Tuesday, 26 December 1989","Tuesday, 26 December 1989",tourism
ministry of tourism,"Saturday, 23 May 1998","Saturday, 27 May 2000","Tuesday, 26 May 1998","Saturday, 27 May 2000",tourism
ministry of tourism,"Thursday, 6 September 2001","Friday, 21 December 2001","Thursday, 6 September 2001","Friday, 21 December 2001",tourism
ministry of tourism,"Thursday, 27 May 2004","Thursday, 16 February 2006","Thursday, 27 May 2004","Thursday, 16 February 2006",tourism
department of ecology,"Monday, 6 September 1982","Tuesday, 14 September 1982","Monday, 6 September 1982","Tuesday, 14 September 1982",ecology
department of sports,"Monday, 6 September 1982","Friday, 4 January 1985","Monday, 6 September 1982","Friday, 4 January 1985",sports
ministry of food & civil supplies,"Thursday, 17 February 1983","Saturday, 25 June 1988","Thursday, 17 February 1983","Saturday, 25 June 1988",food & civil supplies
ministry of industry & company affairs,"Tuesday, 6 November 1984","Wednesday, 25 September 1985","Tuesday, 6 November 1984","Wednesday, 25 September 1985",industry & company affairs
ministry of agriculture & rural development,"Friday, 4 January 1985","Wednesday, 25 September 1985","Friday, 4 January 1985","Wednesday, 25 September 1985",agriculture & rural development
ministry of commerce & supply,"Friday, 4 January 1985","Saturday, 30 March 1985","Friday, 4 January 1985","Monday, 1 April 1985",commerce & supply
ministry of environment & forests,"Friday, 4 January 1985","Thursday, 31 July 2014","Friday, 4 January 1985","Friday, 1 August 2014",environment & forests
ministry of parliamentary affairs,"Monday, 12 May 1986",13-03-2020,"Monday, 12 May 1986",13-03-2020,parliamentary affairs
ministry of parliamentary affairs,"Friday, 4 January 1985","Wednesday, 25 September 1985","Friday, 4 January 1985","Wednesday, 25 September 1985",parliamentary affairs
ministry of science & technology,"Friday, 4 January 1985",13-03-2020,"Friday, 4 January 1985",13-03-2020,science & technology
ministry of social & women's welfare,"Friday, 4 January 1985","Wednesday, 25 September 1985","Friday, 4 January 1985","Wednesday, 25 September 1985",social & women's welfare
department of personnel & administrative reform,"Friday, 4 January 1985","Friday, 15 March 1985","Friday, 4 January 1985","Friday, 15 March 1985",personnel & administrative reform
department of sports & youth affairs,"Friday, 4 January 1985","Wednesday, 25 September 1985","Friday, 4 January 1985","Wednesday, 25 September 1985",sports & youth affairs
"ministry of personnel & training, administrative reforms and public grievances & pension","Friday, 15 March 1985","Tuesday, 10 December 1985","Friday, 15 March 1985","Tuesday, 10 December 1985","personnel & training, administrative reforms & public grievances & pension"
ministry of supply & textiles,"Saturday, 30 March 1985","Wednesday, 25 September 1985","Monday, 1 April 1985","Wednesday, 25 September 1985",supply & textiles
ministry of cultural affairs,"Tuesday, 13 August 1985","Wednesday, 25 September 1985","Tuesday, 13 August 1985","Wednesday, 25 September 1985",cultural affairs
ministry of human resource development,"Wednesday, 25 September 1985",13-03-2020,"Wednesday, 25 September 1985",13-03-2020,human resource development
ministry of parliamentary affairs & tourism,"Wednesday, 25 September 1985","Monday, 12 May 1986","Wednesday, 25 September 1985","Monday, 12 May 1986",parliamentary affairs & tourism
ministry of petroleum & natural gas,"Friday, 5 July 1991",13-03-2020,"Friday, 5 July 1991",13-03-2020,petroleum & natural gas
ministry of petroleum & natural gas,"Wednesday, 25 September 1985","Wednesday, 6 December 1989","Wednesday, 25 September 1985","Wednesday, 6 December 1989",petroleum & natural gas
ministry of programme implementation,"Wednesday, 25 September 1985","Friday, 5 July 1991","Wednesday, 25 September 1985","Friday, 5 July 1991",programme implementation
ministry of urban development,"Wednesday, 25 September 1985","Wednesday, 8 March 1995","Wednesday, 25 September 1985","Wednesday, 8 March 1995",urban development
ministry of urban development,"Friday, 9 April 1999","Saturday, 27 May 2000","Friday, 9 April 1999","Saturday, 27 May 2000",urban development
ministry of urban development,"Thursday, 27 May 2004","Thursday, 6 July 2017","Thursday, 27 May 2004","Friday, 7 July 2017",urban development
ministry of water resources,"Wednesday, 25 September 1985","Thursday, 31 July 2014","Wednesday, 25 September 1985","Friday, 1 August 2014",water resources
ministry of welfare,"Wednesday, 25 September 1985","Saturday, 23 May 1998","Wednesday, 25 September 1985","Tuesday, 26 May 1998",welfare
ministry of textiles,"Friday, 15 November 1985",13-03-2020,"Friday, 15 November 1985",13-03-2020,textiles
"ministry of personnel, public grievances & pension","Tuesday, 10 December 1985",13-03-2020,"Tuesday, 10 December 1985",13-03-2020,"personnel, public grievances & pension"
ministry of surface transport,"Wednesday, 29 October 1986","Friday, 17 November 2000","Wednesday, 29 October 1986","Friday, 17 November 2000",surface transport
ministry of civil aviation & tourism,"Saturday, 25 June 1988","Tuesday, 26 December 1989","Saturday, 25 June 1988","Tuesday, 26 December 1989",civil aviation & tourism
ministry of civil aviation & tourism,"Friday, 5 July 1991","Saturday, 23 May 1998","Friday, 5 July 1991","Tuesday, 26 May 1998",civil aviation & tourism
ministry of food processing industries,"Thursday, 6 September 2001",13-03-2020,"Thursday, 6 September 2001",13-03-2020,food processing industries
ministry of food processing industries,"Saturday, 25 June 1988","Friday, 15 October 1999","Saturday, 25 June 1988","Friday, 15 October 1999",food processing industries
ministry of civil supplies & public distribution,"Friday, 5 July 1991","Wednesday, 4 December 1991","Friday, 5 July 1991","Thursday, 5 December 1991",civil supplies & public distribution
ministry of coal,"Friday, 3 December 2004",13-03-2020,"Monday, 6 December 2004",13-03-2020,coal
ministry of coal,"Friday, 5 July 1991","Friday, 15 October 1999","Friday, 5 July 1991","Friday, 15 October 1999",coal
ministry of coal,"Saturday, 27 May 2000","Thursday, 6 September 2001","Saturday, 27 May 2000","Thursday, 6 September 2001",coal
ministry of coal,"Thursday, 30 January 2003","Monday, 12 January 2004","Thursday, 30 January 2003","Monday, 12 January 2004",coal
ministry of food,"Friday, 5 July 1991","Wednesday, 4 June 1997","Friday, 5 July 1991","Thursday, 5 June 1997",food
ministry of mines,"Friday, 3 December 2004",13-03-2020,"Monday, 6 December 2004",13-03-2020,mines
ministry of mines,"Friday, 5 July 1991","Saturday, 23 May 1998","Friday, 5 July 1991","Tuesday, 26 May 1998",mines
ministry of mines,"Saturday, 27 May 2000","Thursday, 6 September 2001","Saturday, 27 May 2000","Thursday, 6 September 2001",mines
ministry of mines,"Thursday, 30 January 2003","Monday, 12 January 2004","Thursday, 30 January 2003","Monday, 12 January 2004",mines
ministry of planning & program implementation,"Friday, 5 July 1991","Friday, 15 October 1999","Friday, 5 July 1991","Friday, 15 October 1999",planning & program implementation
ministry of power & non-conventional energy sources,"Friday, 5 July 1991","Thursday, 2 July 1992","Friday, 5 July 1991","Friday, 3 July 1992",power & non-conventional energy sources
ministry of steel,"Friday, 15 October 1999",13-03-2020,"Friday, 15 October 1999",13-03-2020,steel
ministry of steel,"Friday, 5 July 1991","Saturday, 23 May 1998","Friday, 5 July 1991","Tuesday, 26 May 1998",steel
"ministry of civil supplies, consumer affairs & public distribution","Wednesday, 4 December 1991","Wednesday, 4 June 1997","Thursday, 5 December 1991","Thursday, 5 June 1997","civil supplies, consumer affairs & public distribution"
ministry of power,"Thursday, 2 July 1992",13-03-2020,"Friday, 3 July 1992",13-03-2020,power
ministry of non-conventional energy sources,"Thursday, 2 July 1992","Saturday, 14 October 2006","Friday, 3 July 1992","Tuesday, 17 October 2006",non-conventional energy sources
department of jammu & kashmir affairs,"Tuesday, 1 November 1994","Wednesday, 27 May 1998","Tuesday, 1 November 1994","Thursday, 28 May 1998",jammu & kashmir affairs
ministry of rural areas & employment,"Wednesday, 8 March 1995","Friday, 9 April 1999","Wednesday, 8 March 1995","Friday, 9 April 1999",rural areas & employment
ministry of urban affairs & employment,"Wednesday, 8 March 1995","Friday, 9 April 1999","Wednesday, 8 March 1995","Friday, 9 April 1999",urban affairs & employment
ministry of food & consumer affairs,"Wednesday, 4 June 1997","Friday, 15 October 1999","Thursday, 5 June 1997","Friday, 15 October 1999",food & consumer affairs
ministry of social justice & empowerment,"Saturday, 23 May 1998",13-03-2020,"Tuesday, 26 May 1998",13-03-2020,social justice & empowerment
"ministry of culture, youth affairs & sports","Friday, 15 October 1999","Saturday, 27 May 2000","Friday, 15 October 1999","Saturday, 27 May 2000","culture, youth affairs & sports"
ministry of consumer affairs & public distribution,"Friday, 15 October 1999","Monday, 17 July 2000","Friday, 15 October 1999","Wednesday, 19 July 2000",consumer affairs & public distribution
ministry of heavy industries & public enterprises,"Friday, 15 October 1999",13-03-2020,"Friday, 15 October 1999",13-03-2020,heavy industries & public enterprises
ministry of information technology,"Friday, 15 October 1999","Friday, 21 December 2001","Friday, 15 October 1999","Friday, 21 December 2001",information technology
ministry of mines & minerals,"Friday, 15 October 1999","Saturday, 27 May 2000","Friday, 15 October 1999","Saturday, 27 May 2000",mines & minerals
ministry of small scale industries and agro & rural industries,"Friday, 15 October 1999","Thursday, 6 September 2001","Friday, 15 October 1999","Thursday, 6 September 2001",small scale industries & agro & rural industries
ministry of statistics and programme implementation,"Friday, 15 October 1999",13-03-2020,"Friday, 15 October 1999",13-03-2020,statistics & programme implementation
ministry of tribal affairs,"Friday, 15 October 1999",13-03-2020,"Friday, 15 October 1999",13-03-2020,tribal affairs
ministry of urban employment & poverty alleviation,"Friday, 15 October 1999","Tuesday, 6 January 2004","Friday, 15 October 1999","Tuesday, 6 January 2004",urban employment & poverty alleviation
ministry of urban employment & poverty alleviation,"Thursday, 27 May 2004","Thursday, 1 June 2006","Thursday, 27 May 2004","Friday, 2 June 2006",urban employment & poverty alleviation
department of disinvestment,"Friday, 10 December 1999","Thursday, 6 September 2001","Friday, 10 December 1999","Thursday, 6 September 2001",disinvestment
ministry of tourism & culture,"Saturday, 27 May 2000","Thursday, 6 September 2001","Saturday, 27 May 2000","Thursday, 6 September 2001",tourism & culture
ministry of tourism & culture,"Friday, 21 December 2001","Thursday, 27 May 2004","Friday, 21 December 2001","Thursday, 27 May 2004",tourism & culture
ministry of tourism & culture,"Thursday, 16 February 2006","Thursday, 1 June 2006","Thursday, 16 February 2006","Friday, 2 June 2006",tourism & culture
ministry of youth affairs & sports,"Monday, 8 December 2014",13-03-2020,"Tuesday, 9 December 2014",13-03-2020,youth affairs & sports
ministry of youth affairs & sports,"Saturday, 27 May 2000","Thursday, 31 July 2014","Saturday, 27 May 2000","Friday, 1 August 2014",youth affairs & sports
"ministry of consumer affairs, food & public distribution","Monday, 17 July 2000",13-03-2020,"Wednesday, 19 July 2000",13-03-2020,"consumer affairs, food & public distribution"
ministry of road transport & highways,"Thursday, 4 June 2009",13-03-2020,"Friday, 5 June 2009",13-03-2020,road transport & highways
ministry of road transport & highways,"Friday, 17 November 2000","Thursday, 2 September 2004","Friday, 17 November 2000","Friday, 3 September 2004",road transport & highways
ministry of shipping,"Thursday, 4 June 2009",13-03-2020,"Friday, 5 June 2009",13-03-2020,shipping
ministry of shipping,"Friday, 17 November 2000","Thursday, 2 September 2004","Friday, 17 November 2000","Friday, 3 September 2004",shipping
ministry of agro & rural industries,"Thursday, 6 September 2001","Wednesday, 9 May 2007","Thursday, 6 September 2001","Friday, 11 May 2007",agro & rural industries
ministry of coal & mines,"Thursday, 6 September 2001","Thursday, 30 January 2003","Thursday, 6 September 2001","Thursday, 30 January 2003",coal & mines
ministry of coal & mines,"Monday, 12 January 2004","Friday, 3 December 2004","Monday, 12 January 2004","Monday, 6 December 2004",coal & mines
ministry of culture,"Thursday, 1 June 2006",13-03-2020,"Friday, 2 June 2006",13-03-2020,culture
ministry of culture,"Thursday, 6 September 2001","Friday, 21 December 2001","Thursday, 6 September 2001","Friday, 21 December 2001",culture
ministry of culture,"Thursday, 27 May 2004","Thursday, 16 February 2006","Thursday, 27 May 2004","Thursday, 16 February 2006",culture
ministry of disinvestment,"Thursday, 6 September 2001","Thursday, 27 May 2004","Thursday, 6 September 2001","Thursday, 27 May 2004",disinvestment
ministry of small scale industries,"Thursday, 6 September 2001","Wednesday, 9 May 2007","Thursday, 6 September 2001","Friday, 11 May 2007",small scale industries
department of development of north eastern region,"Thursday, 6 September 2001","Thursday, 27 May 2004","Thursday, 6 September 2001","Thursday, 27 May 2004",development of north eastern region
ministry of communications & information technology,"Friday, 21 December 2001","Saturday, 16 July 2016","Friday, 21 December 2001","Monday, 18 July 2016",communications & information technology
ministry of finance & company affairs,"Tuesday, 2 July 2002","Thursday, 10 April 2003","Tuesday, 2 July 2002","Thursday, 10 April 2003",finance & company affairs
ministry of urban development & poverty alleviation,"Tuesday, 6 January 2004","Thursday, 27 May 2004","Tuesday, 6 January 2004","Thursday, 27 May 2004",urban development & poverty alleviation
ministry of company affairs,"Thursday, 27 May 2004","Wednesday, 9 May 2007","Thursday, 27 May 2004","Friday, 11 May 2007",company affairs
ministry of development of north eastern region,"Thursday, 27 May 2004",13-03-2020,"Thursday, 27 May 2004",13-03-2020,development of north eastern region
ministry of non resident indian affairs,"Thursday, 27 May 2004","Thursday, 2 September 2004","Thursday, 27 May 2004","Friday, 3 September 2004",non resident indian affairs
ministry of panchayati raj,"Thursday, 27 May 2004",13-03-2020,"Thursday, 27 May 2004",13-03-2020,panchayati raj
ministry of overseas indian affairs,"Thursday, 2 September 2004","Friday, 12 February 2016","Friday, 3 September 2004","Thursday, 16 June 2016",overseas indian affairs
"ministry of shipping, road transport & highways","Thursday, 2 September 2004","Thursday, 4 June 2009","Friday, 3 September 2004","Friday, 5 June 2009","shipping, road transport & highways"
ministry of minority affairs,"Thursday, 16 February 2006",13-03-2020,"Thursday, 16 February 2006",13-03-2020,minority affairs
ministry of ocean development,"Thursday, 16 February 2006","Wednesday, 12 July 2006","Thursday, 16 February 2006","Monday, 17 July 2006",ocean development
ministry of women & child development,"Thursday, 16 February 2006",13-03-2020,"Thursday, 16 February 2006",13-03-2020,women & child development
ministry of housing & urban poverty alleviation,"Thursday, 1 June 2006","Thursday, 6 July 2017","Friday, 2 June 2006","Friday, 7 July 2017",housing & urban poverty alleviation
ministry of earth sciences,"Wednesday, 12 July 2006",13-03-2020,"Monday, 17 July 2006",13-03-2020,earth sciences
ministry of new & renewable energy,"Saturday, 14 October 2006",13-03-2020,"Tuesday, 17 October 2006",13-03-2020,new & renewable energy
ministry of corporate affairs,"Wednesday, 9 May 2007",13-03-2020,"Friday, 11 May 2007",13-03-2020,corporate affairs
"ministry of micro, small & medium enterprises","Wednesday, 9 May 2007",13-03-2020,"Friday, 11 May 2007",13-03-2020,"micro, small & medium enterprises"
ministry of drinking water & sanitation,"Wednesday, 13 July 2011","Friday, 14 June 2019","Wednesday, 13 July 2011","Monday, 17 June 2019",drinking water & sanitation
"ministry of environment, forests & climate change","Thursday, 31 July 2014",13-03-2020,"Friday, 1 August 2014",13-03-2020,"environment, forests & climate change"
"ministry of skill development, entreupreneurship, youth affairs & sports","Thursday, 31 July 2014","Monday, 8 December 2014","Friday, 1 August 2014","Tuesday, 9 December 2014","skill development, entreupreneurship, youth affairs & sports"
"ministry of water resources, river development & ganga rejuvenation","Thursday, 31 July 2014","Friday, 14 June 2019","Friday, 1 August 2014","Monday, 17 June 2019","water resources, river development & ganga rejuvenation"
"ministry of ayurveda, yoga & naturopathy, unani, siddha and homeopathy (ayush)","Monday, 8 December 2014",13-03-2020,"Tuesday, 9 December 2014",13-03-2020,"ayurveda, yoga & naturopathy, unani, siddha & homeopathy (ayush)"
ministry of skill development & entreupreneurship,"Monday, 8 December 2014",13-03-2020,"Tuesday, 9 December 2014",13-03-2020,skill development & entreupreneurship
niti aayog (national institution for transforming india),"Saturday, 21 March 2015",13-03-2020,"Saturday, 21 March 2015",13-03-2020,niti aayog (national institution for transforming india)
ministry of agriculture & farmers welfare,"Thursday, 27 August 2015",13-03-2020,"Thursday, 27 August 2015",13-03-2020,agriculture & farmers welfare
ministry of electronics & information technology,"Saturday, 16 July 2016",13-03-2020,"Monday, 18 July 2016",13-03-2020,electronics & information technology
ministry of housing & urban affairs,"Thursday, 6 July 2017",13-03-2020,"Friday, 7 July 2017",13-03-2020,housing & urban affairs
"ministry of fisheries, animal husbandry & dairying","Friday, 14 June 2019",13-03-2020,"Monday, 17 June 2019",13-03-2020,"fisheries, animal husbandry & dairying"
ministry of jal shakti,"Friday, 14 June 2019",13-03-2020,"Monday, 17 June 2019",13-03-2020,jal shakti
national security council secretariat,"Tuesday, 6 August 2019",13-03-2020,"Thursday, 8 August 2019",13-03-2020,national security council secretariat
